Year,Month,Day,Age of Moon,Rise,Culm,Set,Approx Mag.,Earth Dist (AU),Observable,Constellation
2023,Oct,1,16 days,17:43,--:--,06:22,-12.7,0.0025,17:43 until 06:22,Aries
2023,Oct,2,17 days,18:19,00:49,07:26,-12.6,0.0025,18:19 until 07:26,Aries
2023,Oct,3,18 days,18:57,01:40,08:31,-12.5,0.0025,18:57 until 08:31,Taurus
2023,Oct,4,19 days,19:37,02:33,09:35,-12.3,0.0026,19:37 until 09:35,Taurus
2023,Oct,5,20 days,20:21,03:27,10:38,-12.2,0.0026,20:21 until 10:38,Taurus
2023,Oct,6,21 days,21:09,04:23,11:38,-12,0.0026,21:09 until 11:38,Auriga
2023,Oct,7,22 days,22:01,05:18,12:33,-11.7,0.0027,22:01 until 12:33,Gemini
2023,Oct,8,23 days,22:56,06:11,13:22,-11.5,0.0027,22:56 until 13:22,Cancer
2023,Oct,9,24 days,23:52,07:01,14:05,-11.1,0.0027,23:52 until 14:05,Cancer
2023,Oct,10,25 days,00:48,07:48,14:43,-10.8,0.0027,00:48 until 14:43,Leo
2023,Oct,11,26 days,01:43,08:32,15:16,-10.3,0.0027,01:43 until 15:16,Leo
2023,Oct,12,27 days,02:36,09:14,15:47,-9.7,0.0027,02:36 until 15:47,Leo
2023,Oct,13,28 days,03:28,09:55,16:16,-8.7,0.0027,03:28 until 16:16,Virgo
2023,Oct,14,29 days,04:19,10:34,16:44,-6.9,0.0027,04:56 until 05:31,Virgo
2023,Oct,15,01 days,05:11,11:15,17:13,-4.6,0.0026,Not observable,Virgo
2023,Oct,16,02 days,06:04,11:57,17:44,-8.1,0.0026,Not observable,Virgo
2023,Oct,17,03 days,07:00,12:41,18:17,-9.4,0.0026,07:00 until 18:17,Libra
2023,Oct,18,04 days,07:58,13:29,18:56,-10.2,0.0026,07:58 until 18:56,Scorpius
2023,Oct,19,05 days,08:59,14:21,19:40,-10.8,0.0026,08:59 until 19:40,Ophiuchus
2023,Oct,20,06 days,10:01,15:17,20:31,-11.3,0.0025,10:01 until 20:31,Sagittarius
2023,Oct,21,07 days,11:03,16:16,21:30,-11.6,0.0025,11:03 until 21:30,Sagittarius
2023,Oct,22,08 days,12:02,17:17,22:34,-11.9,0.0025,12:02 until 22:34,Sagittarius
2023,Oct,23,09 days,12:55,18:16,23:40,-12.2,0.0025,12:55 until 23:40,Capricornus
2023,Oct,24,10 days,13:42,19:12,00:48,-12.4,0.0025,13:42 until 00:48,Capricornus
2023,Oct,25,11 days,14:24,20:06,01:54,-12.5,0.0024,14:24 until 01:54,Aquarius
2023,Oct,26,12 days,15:02,20:57,02:58,-12.6,0.0024,15:02 until 02:58,Aquarius
2023,Oct,27,13 days,15:38,21:46,04:02,-12.7,0.0024,15:38 until 04:02,Cetus
2023,Oct,28,14 days,16:13,22:36,05:06,-12.7,0.0025,16:13 until 05:06,Pisces
2023,Oct,29,15 days,16:49,23:26,06:10,-12.7,0.0025,16:49 until 06:10,Aries
2023,Oct,30,16 days,16:49,--:--,06:10,-12.7,0.0025,16:49 until 06:10,Aries
2023,Oct,31,17 days,17:28,00:18,07:15,-12.6,0.0025,17:28 until 07:15,Taurus
2023,Nov,1,18 days,18:10,01:12,08:20,-12.5,0.0026,18:10 until 08:20,Taurus
2023,Nov,2,19 days,18:57,02:08,09:23,-12.4,0.0026,18:57 until 09:23,Auriga
2023,Nov,3,20 days,19:49,03:05,10:21,-12.3,0.0026,19:49 until 10:21,Gemini
2023,Nov,4,21 days,20:44,04:00,11:14,-12.1,0.0027,20:44 until 11:14,Gemini
2023,Nov,5,22 days,21:41,04:53,12:00,-11.9,0.0027,21:41 until 12:00,Cancer
2023,Nov,6,23 days,22:38,05:42,12:40,-11.7,0.0027,22:38 until 12:40,Leo
2023,Nov,7,24 days,23:34,06:28,13:16,-11.4,0.0027,23:34 until 13:16,Leo
2023,Nov,8,25 days,00:27,07:10,13:47,-11.1,0.0027,00:27 until 13:47,Leo
2023,Nov,9,26 days,01:20,07:51,14:17,-10.7,0.0027,01:20 until 14:17,Virgo
2023,Nov,10,27 days,02:11,08:31,14:45,-10.2,0.0027,02:11 until 14:45,Virgo
2023,Nov,11,28 days,03:02,09:11,15:14,-9.5,0.0026,03:02 until 15:14,Virgo
2023,Nov,12,29 days,03:55,09:52,15:44,-8.4,0.0026,03:55 until 15:44,Virgo
2023,Nov,13,30 days,04:50,10:36,16:16,-5.9,0.0026,Not observable,Libra
2023,Nov,14,01 days,05:48,11:23,16:53,-6.9,0.0026,Not observable,Libra
2023,Nov,15,02 days,06:49,12:14,17:36,-8.9,0.0025,06:49 until 17:36,Scorpius
2023,Nov,16,03 days,07:53,13:10,18:26,-10,0.0025,07:53 until 18:26,Ophiuchus
2023,Nov,17,04 days,08:56,14:10,19:23,-10.7,0.0025,08:56 until 19:23,Sagittarius
2023,Nov,18,05 days,09:57,15:11,20:27,-11.2,0.0025,09:57 until 20:27,Sagittarius
2023,Nov,19,06 days,10:52,16:11,21:33,-11.6,0.0025,10:52 until 21:33,Capricornus
2023,Nov,20,07 days,11:41,17:08,22:40,-11.9,0.0025,11:41 until 22:40,Capricornus
2023,Nov,21,08 days,12:24,18:02,23:45,-12.1,0.0025,12:24 until 23:45,Aquarius
2023,Nov,22,09 days,13:02,18:52,00:48,-12.3,0.0025,13:02 until 00:48,Aquarius
2023,Nov,23,10 days,13:37,19:40,01:50,-12.5,0.0025,13:37 until 01:50,Pisces
2023,Nov,24,11 days,14:11,20:28,02:51,-12.6,0.0025,14:11 until 02:51,Pisces
2023,Nov,25,12 days,14:46,21:16,03:54,-12.7,0.0025,14:46 until 03:54,Aries
2023,Nov,26,13 days,15:22,22:06,04:57,-12.7,0.0025,15:22 until 04:57,Aries
2023,Nov,27,14 days,16:02,22:58,06:01,-12.7,0.0025,16:02 until 06:01,Taurus
2023,Nov,28,15 days,16:47,23:53,07:05,-12.7,0.0026,16:47 until 07:05,Taurus
2023,Nov,29,16 days,17:36,00:48,08:06,-12.6,0.0026,17:36 until 08:06,Taurus
2023,Nov,30,17 days,17:36,00:50,08:06,-12.5,0.0026,17:36 until 08:06,Gemini
2023,Dec,1,18 days,18:31,01:47,09:02,-12.5,0.0026,18:31 until 09:02,Gemini
2023,Dec,2,19 days,19:28,02:42,09:52,-12.3,0.0027,19:28 until 09:52,Cancer
2023,Dec,3,20 days,20:26,03:33,10:35,-12.2,0.0027,20:26 until 10:35,Cancer
2023,Dec,4,21 days,21:23,04:21,11:13,-12,0.0027,21:23 until 11:13,Leo
2023,Dec,5,22 days,22:17,05:05,11:46,-11.9,0.0027,22:17 until 11:46,Leo
2023,Dec,6,23 days,23:10,05:46,12:16,-11.7,0.0027,23:10 until 12:16,Leo
2023,Dec,7,24 days,00:02,06:26,12:45,-11.4,0.0027,00:02 until 12:45,Virgo
2023,Dec,8,25 days,00:52,07:06,13:13,-11.1,0.0027,00:52 until 13:13,Virgo
2023,Dec,9,26 days,01:44,07:46,13:42,-10.7,0.0026,01:44 until 13:42,Virgo
2023,Dec,10,27 days,02:37,08:28,14:13,-10.2,0.0026,02:37 until 14:13,Libra
2023,Dec,11,28 days,03:34,09:13,14:48,-9.4,0.0026,03:34 until 14:48,Libra
2023,Dec,12,29 days,04:34,10:03,15:28,-8,0.0025,04:34 until 15:28,Scorpius
2023,Dec,13,01 days,05:37,10:58,16:16,-5.6,0.0025,Not observable,Ophiuchus
2023,Dec,14,02 days,06:42,11:58,17:12,-8.2,0.0025,Not observable,Sagittarius
2023,Dec,15,03 days,07:46,13:00,18:15,-9.6,0.0025,07:46 until 18:15,Sagittarius
2023,Dec,16,04 days,08:45,14:02,19:22,-10.5,0.0025,08:45 until 19:22,Capricornus
2023,Dec,17,05 days,09:37,15:02,20:31,-11.1,0.0025,09:37 until 20:31,Capricornus
2023,Dec,18,06 days,10:23,15:58,21:38,-11.5,0.0025,10:23 until 21:38,Aquarius
2023,Dec,19,07 days,11:03,16:49,22:42,-11.8,0.0025,11:03 until 22:42,Aquarius
2023,Dec,20,08 days,11:39,17:38,23:44,-12.1,0.0025,11:39 until 23:44,Pisces
2023,Dec,21,09 days,12:13,18:25,00:45,-12.3,0.0025,12:13 until 00:45,Pisces
2023,Dec,22,10 days,12:46,19:12,01:45,-12.4,0.0025,12:46 until 01:45,Pisces
2023,Dec,23,11 days,13:21,20:00,02:47,-12.5,0.0025,13:21 until 02:47,Aries
2023,Dec,24,12 days,13:59,20:51,03:49,-12.6,0.0026,13:59 until 03:49,Aries
2023,Dec,25,13 days,14:41,21:44,04:52,-12.6,0.0026,14:41 until 04:52,Taurus
2023,Dec,26,14 days,15:27,22:39,05:54,-12.6,0.0026,15:27 until 05:54,Taurus
2023,Dec,27,15 days,16:19,23:35,06:51,-12.6,0.0026,16:19 until 06:51,Auriga
2023,Dec,28,16 days,17:16,00:29,07:44,-12.6,0.0026,17:16 until 07:44,Gemini
2023,Dec,29,17 days,17:16,00:31,07:44,-12.6,0.0027,17:16 until 07:44,Cancer
2023,Dec,30,18 days,18:14,01:24,08:30,-12.5,0.0027,18:14 until 08:30,Cancer
2023,Dec,31,19 days,19:11,02:13,09:10,-12.4,0.0027,19:11 until 09:10,Leo
2024,Jan,1,20 days,20:07,02:59,09:44,-12.3,0.0027,20:07 until 09:44,Leo
2024,Jan,2,21 days,21:01,03:42,10:16,-12.2,0.0027,21:01 until 10:16,Leo
2024,Jan,3,22 days,21:53,04:22,10:45,-12,0.0027,21:53 until 10:45,Virgo
2024,Jan,4,23 days,22:44,05:01,11:12,-11.9,0.0027,22:44 until 11:12,Virgo
2024,Jan,5,24 days,23:34,05:40,11:40,-11.7,0.0027,23:34 until 11:40,Virgo
2024,Jan,6,25 days,00:26,06:21,12:10,-11.4,0.0026,00:26 until 12:10,Virgo
2024,Jan,7,26 days,01:19,07:04,12:42,-11.1,0.0026,01:19 until 12:42,Libra
2024,Jan,8,27 days,02:17,07:50,13:19,-10.7,0.0026,02:17 until 13:19,Scorpius
2024,Jan,9,28 days,03:18,08:42,14:03,-10,0.0025,03:18 until 14:03,Scorpius
2024,Jan,10,29 days,04:22,09:39,14:55,-9,0.0025,04:22 until 14:55,Sagittarius
2024,Jan,11,30 days,05:27,10:41,15:55,-7.1,0.0025,06:11 until 06:20,Sagittarius
2024,Jan,12,01 days,06:29,11:45,17:02,-7.2,0.0024,Not observable,Sagittarius
2024,Jan,13,02 days,07:26,12:48,18:13,-9.1,0.0024,07:26 until 18:13,Capricornus
2024,Jan,14,03 days,08:16,13:47,19:23,-10.2,0.0024,08:16 until 19:23,Aquarius
2024,Jan,15,04 days,08:59,14:42,20:31,-10.9,0.0024,08:59 until 20:31,Aquarius
2024,Jan,16,05 days,09:38,15:34,21:36,-11.3,0.0025,09:38 until 21:36,Pisces
2024,Jan,17,06 days,10:13,16:22,22:38,-11.7,0.0025,10:13 until 22:38,Pisces
2024,Jan,18,07 days,10:48,17:10,23:40,-12,0.0025,10:48 until 23:40,Pisces
2024,Jan,19,08 days,11:22,17:58,00:41,-12.2,0.0025,11:22 until 00:41,Aries
2024,Jan,20,09 days,11:59,18:48,01:43,-12.3,0.0026,11:59 until 01:43,Aries
2024,Jan,21,10 days,12:39,19:39,02:45,-12.4,0.0026,12:39 until 02:45,Taurus
2024,Jan,22,11 days,13:24,20:33,03:46,-12.5,0.0026,13:24 until 03:46,Taurus
2024,Jan,23,12 days,14:13,21:28,04:44,-12.5,0.0026,14:13 until 04:44,Auriga
2024,Jan,24,13 days,15:07,22:23,05:38,-12.6,0.0026,15:07 until 05:38,Gemini
2024,Jan,25,14 days,16:04,23:17,06:26,-12.6,0.0027,16:04 until 06:26,Gemini
2024,Jan,26,15 days,16:04,--:--,06:26,-12.6,0.0027,16:04 until 06:26,Cancer
2024,Jan,27,16 days,17:02,00:07,07:07,-12.6,0.0027,17:02 until 07:07,Leo
2024,Jan,28,17 days,17:59,00:54,07:44,-12.5,0.0027,17:59 until 07:44,Leo
2024,Jan,29,18 days,18:53,01:38,08:16,-12.5,0.0027,18:53 until 08:16,Leo
2024,Jan,30,19 days,19:46,02:19,08:45,-12.4,0.0027,19:46 until 08:45,Virgo
2024,Jan,31,20 days,20:37,02:58,09:13,-12.3,0.0027,20:37 until 09:13,Virgo
2024,Feb,1,21 days,21:27,03:37,09:41,-12.2,0.0027,21:27 until 09:41,Virgo
2024,Feb,2,22 days,22:18,04:16,10:09,-12,0.0027,22:18 until 10:09,Virgo
2024,Feb,3,23 days,23:10,04:57,10:40,-11.9,0.0026,23:10 until 10:40,Libra
2024,Feb,4,24 days,00:04,05:42,11:14,-11.7,0.0026,00:04 until 11:14,Libra
2024,Feb,5,25 days,01:02,06:30,11:53,-11.4,0.0026,01:02 until 11:53,Scorpius
2024,Feb,6,26 days,02:03,07:23,12:40,-11,0.0025,02:03 until 12:40,Ophiuchus
2024,Feb,7,27 days,03:06,08:21,13:35,-10.5,0.0025,03:06 until 13:35,Sagittarius
2024,Feb,8,28 days,04:09,09:23,14:38,-9.7,0.0024,04:09 until 14:38,Sagittarius
2024,Feb,9,29 days,05:09,10:26,15:47,-8.3,0.0024,05:09 until 15:47,Capricornus
2024,Feb,10,01 days,06:03,11:28,16:59,-5.7,0.0024,Not observable,Capricornus
2024,Feb,11,02 days,06:50,12:26,18:09,-8.4,0.0024,Not observable,Aquarius
2024,Feb,12,03 days,07:31,13:21,19:18,-9.8,0.0024,07:31 until 19:18,Aquarius
2024,Feb,13,04 days,08:09,14:13,20:24,-10.6,0.0024,08:09 until 20:24,Pisces
2024,Feb,14,05 days,08:45,15:03,21:28,-11.2,0.0025,08:45 until 21:28,Pisces
2024,Feb,15,06 days,09:21,15:52,22:32,-11.5,0.0025,09:21 until 22:32,Aries
2024,Feb,16,07 days,09:58,16:43,23:35,-11.8,0.0025,09:58 until 23:35,Aries
2024,Feb,17,08 days,10:37,17:35,00:38,-12,0.0026,10:37 until 00:38,Taurus
2024,Feb,18,09 days,11:21,18:29,01:40,-12.2,0.0026,11:21 until 01:40,Taurus
2024,Feb,19,10 days,12:10,19:24,02:40,-12.3,0.0026,12:10 until 02:40,Taurus
2024,Feb,20,11 days,13:03,20:19,03:35,-12.4,0.0026,13:03 until 03:35,Gemini
2024,Feb,21,12 days,13:59,21:13,04:24,-12.5,0.0027,13:59 until 04:24,Gemini
2024,Feb,22,13 days,14:56,22:04,05:07,-12.5,0.0027,14:56 until 05:07,Cancer
2024,Feb,23,14 days,15:52,22:51,05:45,-12.5,0.0027,15:52 until 05:45,Leo
2024,Feb,24,15 days,16:48,23:36,06:18,-12.5,0.0027,16:48 until 06:18,Leo
2024,Feb,25,16 days,16:48,--:--,06:18,-12.5,0.0027,16:48 until 06:18,Leo
2024,Feb,26,17 days,17:41,00:17,06:48,-12.5,0.0027,17:41 until 06:48,Leo
2024,Feb,27,18 days,18:32,00:57,07:16,-12.5,0.0027,18:32 until 07:16,Virgo
2024,Feb,28,19 days,19:23,01:36,07:44,-12.4,0.0027,19:23 until 07:44,Virgo
2024,Feb,29,20 days,20:13,02:15,08:11,-12.4,0.0027,20:13 until 08:11,Virgo
2024,Mar,1,21 days,21:04,02:55,08:41,-12.3,0.0027,21:04 until 08:41,Libra
2024,Mar,2,22 days,21:57,03:38,09:13,-12.2,0.0026,21:57 until 09:13,Libra
2024,Mar,3,23 days,22:53,04:23,09:49,-12,0.0026,22:53 until 09:49,Scorpius
2024,Mar,4,24 days,23:51,05:13,10:32,-11.8,0.0026,23:51 until 10:32,Ophiuchus
2024,Mar,5,25 days,00:52,06:08,11:21,-11.6,0.0025,00:52 until 11:21,Sagittarius
2024,Mar,6,26 days,01:53,07:06,12:19,-11.3,0.0025,01:53 until 12:19,Sagittarius
2024,Mar,7,27 days,02:53,08:07,13:23,-10.8,0.0025,02:53 until 13:23,Capricornus
2024,Mar,8,28 days,03:48,09:08,14:32,-10.1,0.0024,03:48 until 14:32,Capricornus
2024,Mar,9,29 days,04:37,10:07,15:43,-9,0.0024,04:37 until 15:43,Aquarius
2024,Mar,10,30 days,05:21,11:03,16:52,-6.4,0.0024,Not observable,Aquarius
2024,Mar,11,01 days,06:01,11:57,18:00,-7.3,0.0024,Not observable,Pisces
2024,Mar,12,02 days,06:38,12:49,19:07,-9.3,0.0024,06:38 until 19:07,Pisces
2024,Mar,13,03 days,07:14,13:40,20:13,-10.3,0.0024,07:14 until 20:13,Aries
2024,Mar,14,04 days,07:52,14:32,21:19,-10.9,0.0025,07:52 until 21:19,Aries
2024,Mar,15,05 days,08:32,15:25,22:25,-11.3,0.0025,08:32 until 22:25,Taurus
2024,Mar,16,06 days,09:15,16:20,23:30,-11.6,0.0025,09:15 until 23:30,Taurus
2024,Mar,17,07 days,10:04,17:17,00:33,-11.9,0.0026,10:04 until 00:33,Taurus
2024,Mar,18,08 days,10:56,18:13,01:30,-12,0.0026,10:56 until 01:30,Auriga
2024,Mar,19,09 days,11:52,19:08,02:22,-12.2,0.0027,11:52 until 02:22,Gemini
2024,Mar,20,10 days,12:50,20:00,03:07,-12.3,0.0027,12:50 until 03:07,Cancer
2024,Mar,21,11 days,13:47,20:49,03:46,-12.4,0.0027,13:47 until 03:46,Cancer
2024,Mar,22,12 days,14:42,21:34,04:20,-12.4,0.0027,14:42 until 04:20,Leo
2024,Mar,23,13 days,15:36,22:16,04:51,-12.5,0.0027,15:36 until 04:51,Leo
2024,Mar,24,14 days,16:28,22:57,05:20,-12.5,0.0027,16:28 until 05:20,Leo
2024,Mar,25,15 days,17:18,23:36,05:47,-12.5,0.0027,17:18 until 05:47,Virgo
2024,Mar,26,16 days,17:18,--:--,05:47,-12.5,0.0027,17:18 until 05:47,Virgo
2024,Mar,27,17 days,18:09,00:15,06:15,-12.5,0.0027,18:09 until 06:15,Virgo
2024,Mar,28,18 days,19:00,00:54,06:44,-12.5,0.0027,19:00 until 06:44,Virgo
2024,Mar,29,19 days,19:53,01:36,07:15,-12.4,0.0027,19:53 until 07:15,Libra
2024,Mar,30,20 days,20:48,02:21,07:49,-12.4,0.0026,20:48 until 07:49,Scorpius
2024,Mar,31,21 days,21:45,03:09,08:29,-12.3,0.0026,21:45 until 08:29,Scorpius
2024,Apr,1,22 days,22:45,04:02,09:16,-12.1,0.0026,22:45 until 09:16,Sagittarius
2024,Apr,2,23 days,23:45,04:58,10:09,-12,0.0025,23:45 until 10:09,Sagittarius
2024,Apr,3,24 days,00:43,05:56,11:10,-11.7,0.0025,00:43 until 11:10,Sagittarius
2024,Apr,4,25 days,01:38,06:55,12:15,-11.4,0.0025,01:38 until 12:15,Capricornus
2024,Apr,5,26 days,02:28,07:53,13:22,-11,0.0024,02:28 until 13:22,Capricornus
2024,Apr,6,27 days,03:12,08:48,14:30,-10.4,0.0024,03:12 until 14:30,Aquarius
2024,Apr,7,28 days,03:53,09:41,15:37,-9.5,0.0024,03:53 until 15:37,Aquarius
2024,Apr,8,29 days,04:30,10:33,16:43,-7.7,0.0024,05:06 until 05:19,Cetus
2024,Apr,9,01 days,05:06,11:24,17:49,-5.1,0.0024,Not observable,Pisces
2024,Apr,10,02 days,05:43,12:16,18:56,-8.7,0.0024,Not observable,Aries
2024,Apr,11,03 days,06:22,13:09,20:03,-9.9,0.0025,06:22 until 20:03,Aries
2024,Apr,12,04 days,07:05,14:05,21:11,-10.6,0.0025,07:05 until 21:11,Taurus
2024,Apr,13,05 days,07:53,15:03,22:18,-11.1,0.0025,07:53 until 22:18,Taurus
2024,Apr,14,06 days,08:45,16:02,23:19,-11.4,0.0026,08:45 until 23:19,Auriga
2024,Apr,15,07 days,09:42,16:59,00:15,-11.7,0.0026,09:42 until 00:15,Gemini
2024,Apr,16,08 days,10:41,17:54,01:03,-11.9,0.0027,10:41 until 01:03,Cancer
2024,Apr,17,09 days,11:39,18:45,01:45,-12,0.0027,11:39 until 01:45,Cancer
2024,Apr,18,10 days,12:36,19:31,02:21,-12.2,0.0027,12:36 until 02:21,Leo
2024,Apr,19,11 days,13:30,20:15,02:53,-12.3,0.0027,13:30 until 02:53,Leo
2024,Apr,20,12 days,14:23,20:55,03:22,-12.4,0.0027,14:23 until 03:22,Leo
2024,Apr,21,13 days,15:14,21:35,03:50,-12.4,0.0027,15:14 until 03:50,Virgo
2024,Apr,22,14 days,16:04,22:14,04:18,-12.5,0.0027,16:04 until 04:18,Virgo
2024,Apr,23,15 days,16:55,22:53,04:46,-12.5,0.0027,16:55 until 04:46,Virgo
2024,Apr,24,16 days,17:47,23:34,05:17,-12.5,0.0027,17:47 until 05:17,Virgo
2024,Apr,25,17 days,17:47,--:--,05:17,-12.6,0.0027,17:47 until 05:17,Libra
2024,Apr,26,18 days,18:42,00:18,05:50,-12.5,0.0026,18:42 until 05:50,Libra
2024,Apr,27,19 days,19:39,01:06,06:29,-12.5,0.0026,19:39 until 06:29,Scorpius
2024,Apr,28,20 days,20:38,01:57,07:14,-12.4,0.0026,20:38 until 07:14,Ophiuchus
2024,Apr,29,21 days,21:39,02:53,08:05,-12.3,0.0026,21:39 until 08:05,Sagittarius
2024,Apr,30,22 days,22:38,03:51,09:03,-12.2,0.0025,22:38 until 09:03,Sagittarius
2024,May,1,23 days,23:34,04:49,10:06,-12,0.0025,23:34 until 10:06,Capricornus
2024,May,2,24 days,00:24,05:46,11:11,-11.8,0.0025,00:24 until 11:11,Capricornus
2024,May,3,25 days,01:09,06:40,12:17,-11.5,0.0025,01:09 until 12:17,Aquarius
2024,May,4,26 days,01:49,07:32,13:22,-11.1,0.0024,01:49 until 13:22,Aquarius
2024,May,5,27 days,02:26,08:22,14:26,-10.6,0.0024,02:26 until 14:26,Pisces
2024,May,6,28 days,03:01,09:12,15:29,-9.8,0.0024,03:01 until 15:29,Pisces
2024,May,7,29 days,03:37,10:02,16:34,-8.4,0.0024,03:37 until 16:34,Aries
2024,May,8,30 days,04:14,10:54,17:41,-5,0.0024,Not observable,Aries
2024,May,9,01 days,04:55,11:48,18:49,-7.8,0.0025,Not observable,Taurus
2024,May,10,02 days,05:40,12:46,19:57,-9.4,0.0025,05:40 until 19:57,Taurus
2024,May,11,03 days,06:31,13:45,21:02,-10.2,0.0025,06:31 until 21:02,Taurus
2024,May,12,04 days,07:27,14:45,22:02,-10.8,0.0026,07:27 until 22:02,Gemini
2024,May,13,05 days,08:27,15:42,22:55,-11.1,0.0026,08:27 until 22:55,Gemini
2024,May,14,06 days,09:27,16:36,23:40,-11.4,0.0026,09:27 until 23:40,Cancer
2024,May,15,07 days,10:26,17:25,00:19,-11.7,0.0027,10:26 until 00:19,Leo
2024,May,16,08 days,11:22,18:10,00:53,-11.9,0.0027,11:22 until 00:53,Leo
2024,May,17,09 days,12:15,18:52,01:23,-12,0.0027,12:15 until 01:23,Leo
2024,May,18,10 days,13:07,19:32,01:52,-12.2,0.0027,13:07 until 01:52,Virgo
2024,May,19,11 days,13:57,20:11,02:19,-12.3,0.0027,13:57 until 02:19,Virgo
2024,May,20,12 days,14:48,20:50,02:47,-12.4,0.0027,14:48 until 02:47,Virgo
2024,May,21,13 days,15:40,21:31,03:17,-12.5,0.0027,15:40 until 03:17,Virgo
2024,May,22,14 days,16:33,22:14,03:50,-12.5,0.0026,16:33 until 03:50,Libra
2024,May,23,15 days,17:30,23:00,04:27,-12.6,0.0026,17:30 until 04:27,Libra
2024,May,24,16 days,18:30,23:51,05:10,-12.6,0.0026,18:30 until 05:10,Scorpius
2024,May,25,17 days,19:31,00:44,06:00,-12.6,0.0026,19:31 until 06:00,Ophiuchus
2024,May,26,18 days,19:31,00:46,06:00,-12.6,0.0026,19:31 until 06:00,Sagittarius
2024,May,27,19 days,20:32,01:44,06:57,-12.5,0.0025,20:32 until 06:57,Sagittarius
2024,May,28,20 days,21:29,02:43,07:59,-12.4,0.0025,21:29 until 07:59,Capricornus
2024,May,29,21 days,22:22,03:41,09:05,-12.3,0.0025,22:22 until 09:05,Capricornus
2024,May,30,22 days,23:08,04:37,10:10,-12.1,0.0025,23:08 until 10:10,Aquarius
2024,May,31,23 days,23:49,05:29,11:14,-11.9,0.0025,23:49 until 11:14,Aquarius
2024,Jun,1,24 days,00:26,06:19,12:17,-11.6,0.0025,00:26 until 12:17,Pisces
2024,Jun,2,25 days,01:01,07:07,13:19,-11.2,0.0025,01:01 until 13:19,Pisces
2024,Jun,3,26 days,01:35,07:55,14:21,-10.7,0.0025,01:35 until 14:21,Pisces
2024,Jun,4,27 days,02:10,08:44,15:25,-10,0.0025,02:10 until 15:25,Aries
2024,Jun,5,28 days,02:48,09:36,16:30,-8.9,0.0025,02:48 until 16:30,Aries
2024,Jun,6,29 days,03:31,10:31,17:37,-6.9,0.0025,04:10 until 04:40,Taurus
2024,Jun,7,01 days,04:19,11:29,18:44,-6.8,0.0025,Not observable,Taurus
2024,Jun,8,02 days,05:13,12:29,19:47,-8.8,0.0026,05:13 until 19:47,Auriga
2024,Jun,9,03 days,06:11,13:28,20:43,-9.8,0.0026,06:11 until 20:43,Gemini
2024,Jun,10,04 days,07:12,14:24,21:33,-10.4,0.0026,07:12 until 21:33,Cancer
2024,Jun,11,05 days,08:12,15:16,22:15,-10.9,0.0027,08:12 until 22:15,Cancer
2024,Jun,12,06 days,09:10,16:04,22:51,-11.2,0.0027,09:10 until 22:51,Leo
2024,Jun,13,07 days,10:06,16:47,23:23,-11.5,0.0027,10:06 until 23:23,Leo
2024,Jun,14,08 days,10:58,17:28,23:52,-11.7,0.0027,10:58 until 23:52,Leo
2024,Jun,15,09 days,11:49,18:07,00:20,-11.9,0.0027,11:49 until 00:20,Virgo
2024,Jun,16,10 days,12:40,18:46,00:47,-12.1,0.0027,12:40 until 00:47,Virgo
2024,Jun,17,11 days,13:31,19:26,01:16,-12.2,0.0027,13:31 until 01:16,Virgo
2024,Jun,18,12 days,14:23,20:08,01:47,-12.3,0.0027,14:23 until 01:47,Virgo
2024,Jun,19,13 days,15:18,20:53,02:23,-12.4,0.0026,15:18 until 02:23,Libra
2024,Jun,20,14 days,16:17,21:42,03:03,-12.5,0.0026,16:17 until 03:03,Scorpius
2024,Jun,21,15 days,17:18,22:36,03:51,-12.6,0.0026,17:18 until 03:51,Ophiuchus
2024,Jun,22,16 days,18:20,23:33,04:47,-12.6,0.0025,18:20 until 04:47,Sagittarius
2024,Jun,23,17 days,19:20,00:31,05:49,-12.6,0.0025,19:20 until 05:49,Sagittarius
2024,Jun,24,18 days,19:20,00:34,05:49,-12.6,0.0025,19:20 until 05:49,Sagittarius
2024,Jun,25,19 days,20:16,01:34,06:55,-12.6,0.0025,20:16 until 06:55,Capricornus
2024,Jun,26,20 days,21:05,02:31,08:02,-12.5,0.0025,21:05 until 08:02,Capricornus
2024,Jun,27,21 days,21:49,03:25,09:07,-12.3,0.0025,21:49 until 09:07,Aquarius
2024,Jun,28,22 days,22:27,04:16,10:11,-12.2,0.0025,22:27 until 10:11,Aquarius
2024,Jun,29,23 days,23:03,05:05,11:13,-11.9,0.0025,23:03 until 11:13,Pisces
2024,Jun,30,24 days,23:37,05:52,12:14,-11.6,0.0025,23:37 until 12:14,Pisces
2024,Jul,1,25 days,00:11,06:40,13:16,-11.3,0.0025,00:11 until 13:16,Aries
2024,Jul,2,26 days,00:47,07:30,14:20,-10.8,0.0025,00:47 until 14:20,Aries
2024,Jul,3,27 days,01:27,08:23,15:25,-10.2,0.0025,01:27 until 15:25,Taurus
2024,Jul,4,28 days,02:12,09:19,16:30,-9.3,0.0025,02:12 until 16:30,Taurus
2024,Jul,5,29 days,03:02,10:17,17:34,-7.9,0.0026,03:02 until 17:34,Auriga
2024,Jul,6,01 days,03:58,11:16,18:32,-5.8,0.0026,Not observable,Gemini
2024,Jul,7,02 days,04:58,12:13,19:24,-7.9,0.0026,Not observable,Cancer
2024,Jul,8,03 days,05:59,13:07,20:09,-9.2,0.0026,05:59 until 20:09,Cancer
2024,Jul,9,04 days,06:59,13:56,20:48,-10,0.0027,06:59 until 20:48,Leo
2024,Jul,10,05 days,07:55,14:42,21:21,-10.5,0.0027,07:55 until 21:21,Leo
2024,Jul,11,06 days,08:49,15:24,21:52,-10.9,0.0027,08:49 until 21:52,Leo
2024,Jul,12,07 days,09:41,16:04,22:20,-11.3,0.0027,09:41 until 22:20,Virgo
2024,Jul,13,08 days,10:32,16:42,22:47,-11.5,0.0027,10:32 until 22:47,Virgo
2024,Jul,14,09 days,11:22,17:21,23:15,-11.8,0.0027,11:22 until 23:15,Virgo
2024,Jul,15,10 days,12:13,18:02,23:45,-12,0.0027,12:13 until 23:45,Virgo
2024,Jul,16,11 days,13:07,18:45,00:18,-12.2,0.0026,13:07 until 00:18,Libra
2024,Jul,17,12 days,14:03,19:32,00:56,-12.3,0.0026,14:03 until 00:56,Libra
2024,Jul,18,13 days,15:03,20:23,01:40,-12.4,0.0026,15:03 until 01:40,Scorpius
2024,Jul,19,14 days,16:04,21:19,02:32,-12.5,0.0025,16:04 until 02:32,Ophiuchus
2024,Jul,20,15 days,17:06,22:18,03:32,-12.6,0.0025,17:06 until 03:32,Sagittarius
2024,Jul,21,16 days,18:04,23:19,04:38,-12.7,0.0025,18:04 until 04:38,Sagittarius
2024,Jul,22,17 days,18:04,--:--,04:38,-12.7,0.0025,18:04 until 04:38,Capricornus
2024,Jul,23,18 days,18:57,00:19,05:46,-12.7,0.0024,18:57 until 05:46,Capricornus
2024,Jul,24,19 days,19:44,01:16,06:54,-12.6,0.0024,19:44 until 06:54,Aquarius
2024,Jul,25,20 days,20:25,02:10,08:01,-12.5,0.0024,20:25 until 08:01,Aquarius
2024,Jul,26,21 days,21:02,03:00,09:05,-12.4,0.0025,21:02 until 09:05,Pisces
2024,Jul,27,22 days,21:38,03:49,10:08,-12.2,0.0025,21:38 until 10:08,Pisces
2024,Jul,28,23 days,22:12,04:38,11:10,-12,0.0025,22:12 until 11:10,Aries
2024,Jul,29,24 days,22:48,05:28,12:14,-11.7,0.0025,22:48 until 12:14,Aries
2024,Jul,30,25 days,23:26,06:19,13:18,-11.3,0.0025,23:26 until 13:18,Taurus
2024,Jul,31,26 days,00:09,07:13,14:23,-10.9,0.0026,00:09 until 14:23,Taurus
2024,Aug,1,27 days,00:57,08:10,15:26,-10.4,0.0026,00:57 until 15:26,Taurus
2024,Aug,2,28 days,01:51,09:08,16:25,-9.6,0.0026,01:51 until 16:25,Gemini
2024,Aug,3,29 days,02:49,10:05,17:19,-8.5,0.0026,02:49 until 17:19,Gemini
2024,Aug,4,30 days,03:49,10:59,18:05,-6.5,0.0026,04:30 until 05:00,Cancer
2024,Aug,5,01 days,04:49,11:50,18:46,-6.5,0.0027,Not observable,Leo
2024,Aug,6,02 days,05:46,12:37,19:21,-8.5,0.0027,Not observable,Leo
2024,Aug,7,03 days,06:41,13:20,19:52,-9.5,0.0027,06:41 until 19:52,Leo
2024,Aug,8,04 days,07:34,14:00,20:21,-10.2,0.0027,07:34 until 20:21,Virgo
2024,Aug,9,05 days,08:25,14:40,20:49,-10.7,0.0027,08:25 until 20:49,Virgo
2024,Aug,10,06 days,09:15,15:18,21:16,-11,0.0027,09:15 until 21:16,Virgo
2024,Aug,11,07 days,10:06,15:58,21:45,-11.4,0.0027,10:06 until 21:45,Virgo
2024,Aug,12,08 days,10:58,16:39,22:16,-11.6,0.0027,10:58 until 22:16,Libra
2024,Aug,13,09 days,11:52,17:24,22:51,-11.9,0.0026,11:52 until 22:51,Libra
2024,Aug,14,10 days,12:49,18:12,23:31,-12.1,0.0026,12:49 until 23:31,Scorpius
2024,Aug,15,11 days,13:49,19:05,00:19,-12.3,0.0026,13:49 until 00:19,Ophiuchus
2024,Aug,16,12 days,14:49,20:02,01:14,-12.4,0.0025,14:49 until 01:14,Sagittarius
2024,Aug,17,13 days,15:48,21:02,02:16,-12.6,0.0025,15:48 until 02:16,Sagittarius
2024,Aug,18,14 days,16:44,22:02,03:24,-12.7,0.0025,16:44 until 03:24,Capricornus
2024,Aug,19,15 days,17:33,23:01,04:33,-12.7,0.0024,17:33 until 04:33,Capricornus
2024,Aug,20,16 days,18:18,23:57,05:42,-12.8,0.0024,18:18 until 05:42,Aquarius
2024,Aug,21,17 days,18:58,00:48,06:49,-12.7,0.0024,18:58 until 06:49,Aquarius
2024,Aug,22,18 days,18:58,00:50,06:49,-12.7,0.0024,18:58 until 06:49,Pisces
2024,Aug,23,19 days,19:34,01:41,07:54,-12.6,0.0024,19:34 until 07:54,Pisces
2024,Aug,24,20 days,20:10,02:31,08:59,-12.4,0.0024,20:10 until 08:59,Aries
2024,Aug,25,21 days,20:47,03:22,10:04,-12.2,0.0025,20:47 until 10:04,Aries
2024,Aug,26,22 days,21:25,04:14,11:10,-12,0.0025,21:25 until 11:10,Taurus
2024,Aug,27,23 days,22:07,05:09,12:16,-11.8,0.0025,22:07 until 12:16,Taurus
2024,Aug,28,24 days,22:54,06:06,13:20,-11.4,0.0026,22:54 until 13:20,Taurus
2024,Aug,29,25 days,23:46,07:03,14:21,-11,0.0026,23:46 until 14:21,Auriga
2024,Aug,30,26 days,00:43,08:00,15:16,-10.6,0.0026,00:43 until 15:16,Gemini
2024,Aug,31,27 days,01:42,08:55,16:04,-10,0.0026,01:42 until 16:04,Cancer
2024,Sep,1,28 days,02:42,09:46,16:46,-9.1,0.0027,02:42 until 16:46,Cancer
2024,Sep,2,29 days,03:40,10:34,17:22,-7.7,0.0027,03:40 until 17:22,Leo
2024,Sep,3,30 days,04:35,11:18,17:54,-4.2,0.0027,Not observable,Leo
2024,Sep,4,01 days,05:28,11:59,18:23,-7.3,0.0027,Not observable,Leo
2024,Sep,5,02 days,06:20,12:38,18:51,-8.8,0.0027,06:20 until 18:51,Virgo
2024,Sep,6,03 days,07:10,13:17,19:18,-9.7,0.0027,07:10 until 19:18,Virgo
2024,Sep,7,04 days,08:00,13:56,19:46,-10.3,0.0027,08:00 until 19:46,Virgo
2024,Sep,8,05 days,08:51,14:36,20:16,-10.8,0.0027,08:51 until 20:16,Libra
2024,Sep,9,06 days,09:44,15:19,20:49,-11.2,0.0027,09:44 until 20:49,Libra
2024,Sep,10,07 days,10:40,16:05,21:27,-11.5,0.0027,10:40 until 21:27,Scorpius
2024,Sep,11,08 days,11:37,16:55,22:10,-11.8,0.0026,11:37 until 22:10,Ophiuchus
2024,Sep,12,09 days,12:36,17:49,23:01,-12,0.0026,12:36 until 23:01,Sagittarius
2024,Sep,13,10 days,13:35,18:46,23:59,-12.2,0.0025,13:35 until 23:59,Sagittarius
2024,Sep,14,11 days,14:30,19:45,01:02,-12.4,0.0025,14:30 until 01:02,Sagittarius
2024,Sep,15,12 days,15:21,20:43,02:10,-12.6,0.0025,15:21 until 02:10,Capricornus
2024,Sep,16,13 days,16:07,21:40,03:18,-12.7,0.0024,16:07 until 03:18,Capricornus
2024,Sep,17,14 days,16:49,22:34,04:26,-12.8,0.0024,16:49 until 04:26,Aquarius
2024,Sep,18,15 days,17:27,23:26,05:33,-12.8,0.0024,17:27 until 05:33,Aquarius
2024,Sep,19,16 days,17:27,--:--,05:33,-12.8,0.0024,17:27 until 05:33,Pisces
2024,Sep,20,17 days,18:04,00:18,06:39,-12.7,0.0024,18:04 until 06:39,Pisces
2024,Sep,21,18 days,18:41,01:10,07:46,-12.6,0.0024,18:41 until 07:46,Aries
2024,Sep,22,19 days,19:19,02:03,08:54,-12.5,0.0025,19:19 until 08:54,Aries
2024,Sep,23,20 days,20:01,02:59,10:03,-12.3,0.0025,20:01 until 10:03,Taurus
2024,Sep,24,21 days,20:48,03:57,11:10,-12.1,0.0025,20:48 until 11:10,Taurus
2024,Sep,25,22 days,21:40,04:56,12:14,-11.8,0.0026,21:40 until 12:14,Auriga
2024,Sep,26,23 days,22:37,05:55,13:12,-11.6,0.0026,22:37 until 13:12,Gemini
2024,Sep,27,24 days,23:36,06:51,14:03,-11.2,0.0026,23:36 until 14:03,Cancer
2024,Sep,28,25 days,00:36,07:44,14:46,-10.8,0.0027,00:36 until 14:46,Cancer
2024,Sep,29,26 days,01:34,08:32,15:24,-10.3,0.0027,01:34 until 15:24,Leo
2024,Sep,30,27 days,02:30,09:17,15:57,-9.6,0.0027,02:30 until 15:57,Leo
2024,Oct,1,28 days,03:24,09:58,16:27,-8.7,0.0027,03:24 until 16:27,Leo
2024,Oct,2,29 days,04:15,10:38,16:55,-6.9,0.0027,04:52 until 05:26,Virgo
2024,Oct,3,01 days,05:06,11:17,17:22,-4.1,0.0027,Not observable,Virgo
2024,Oct,4,02 days,05:56,11:55,17:50,-7.8,0.0027,Not observable,Virgo
2024,Oct,5,03 days,06:47,12:35,18:19,-9.1,0.0027,06:47 until 18:19,Virgo
2024,Oct,6,04 days,07:40,13:17,18:51,-10,0.0027,07:40 until 18:51,Libra
2024,Oct,7,05 days,08:34,14:02,19:26,-10.5,0.0027,08:34 until 19:26,Libra
2024,Oct,8,06 days,09:31,14:51,20:08,-11,0.0027,09:31 until 20:08,Scorpius
2024,Oct,9,07 days,10:29,15:43,20:55,-11.4,0.0026,10:29 until 20:55,Ophiuchus
2024,Oct,10,08 days,11:26,16:37,21:49,-11.7,0.0026,11:26 until 21:49,Sagittarius
2024,Oct,11,09 days,12:21,17:34,22:48,-12,0.0026,12:21 until 22:48,Sagittarius
2024,Oct,12,10 days,13:13,18:31,23:52,-12.2,0.0025,13:13 until 23:52,Capricornus
2024,Oct,13,11 days,13:59,19:26,00:58,-12.4,0.0025,13:59 until 00:58,Capricornus
2024,Oct,14,12 days,14:41,20:19,02:03,-12.6,0.0024,14:41 until 02:03,Aquarius
2024,Oct,15,13 days,15:20,21:11,03:09,-12.7,0.0024,15:20 until 03:09,Aquarius
2024,Oct,16,14 days,15:56,22:02,04:15,-12.8,0.0024,15:56 until 04:15,Pisces
2024,Oct,17,15 days,16:32,22:53,05:22,-12.8,0.0024,16:32 until 05:22,Pisces
2024,Oct,18,16 days,17:10,23:46,06:30,-12.8,0.0024,17:10 until 06:30,Aries
2024,Oct,19,17 days,17:51,00:40,07:40,-12.8,0.0024,17:51 until 07:40,Aries
2024,Oct,20,18 days,17:51,00:42,07:40,-12.7,0.0024,17:51 until 07:40,Taurus
2024,Oct,21,19 days,18:36,01:41,08:51,-12.5,0.0025,18:36 until 08:51,Taurus
2024,Oct,22,20 days,19:28,02:42,09:59,-12.4,0.0025,19:28 until 09:59,Auriga
2024,Oct,23,21 days,20:25,03:43,11:02,-12.2,0.0026,20:25 until 11:02,Gemini
2024,Oct,24,22 days,21:25,04:43,11:57,-12,0.0026,21:25 until 11:57,Gemini
2024,Oct,25,23 days,22:27,05:38,12:44,-11.7,0.0026,22:27 until 12:44,Cancer
2024,Oct,26,24 days,23:27,06:29,13:24,-11.4,0.0027,23:27 until 13:24,Leo
2024,Oct,27,25 days,00:24,07:15,13:59,-11.1,0.0027,00:24 until 13:59,Leo
2024,Oct,28,26 days,01:19,07:57,14:30,-10.7,0.0027,01:19 until 14:30,Leo
2024,Oct,29,27 days,02:11,08:38,14:58,-10.1,0.0027,02:11 until 14:58,Virgo
2024,Oct,30,28 days,03:02,09:16,15:25,-9.4,0.0027,03:02 until 15:25,Virgo
2024,Oct,31,29 days,03:52,09:55,15:53,-8.4,0.0027,03:52 until 15:53,Virgo
2024,Nov,1,30 days,04:43,10:35,16:21,-6.3,0.0027,05:20 until 05:41,Virgo
2024,Nov,2,01 days,05:35,11:16,16:53,-6.2,0.0027,Not observable,Libra
2024,Nov,3,02 days,06:29,12:00,17:27,-8.4,0.0027,Not observable,Libra
2024,Nov,4,03 days,07:25,12:48,18:07,-9.5,0.0027,07:25 until 18:07,Scorpius
2024,Nov,5,04 days,08:23,13:39,18:52,-10.2,0.0026,08:23 until 18:52,Ophiuchus
2024,Nov,6,05 days,09:21,14:33,19:44,-10.8,0.0026,09:21 until 19:44,Sagittarius
2024,Nov,7,06 days,10:17,15:29,20:42,-11.2,0.0026,10:17 until 20:42,Sagittarius
2024,Nov,8,07 days,11:09,16:24,21:43,-11.6,0.0026,11:09 until 21:43,Capricornus
2024,Nov,9,08 days,11:55,17:19,22:46,-11.9,0.0025,11:55 until 22:46,Capricornus
2024,Nov,10,09 days,12:37,18:11,23:50,-12.2,0.0025,12:37 until 23:50,Aquarius
2024,Nov,11,10 days,13:16,19:01,00:53,-12.4,0.0025,13:16 until 00:53,Aquarius
2024,Nov,12,11 days,13:51,19:50,01:56,-12.5,0.0024,13:51 until 01:56,Pisces
2024,Nov,13,12 days,14:26,20:39,03:00,-12.7,0.0024,14:26 until 03:00,Pisces
2024,Nov,14,13 days,15:02,21:30,04:06,-12.8,0.0024,15:02 until 04:06,Pisces
2024,Nov,15,14 days,15:40,22:23,05:14,-12.8,0.0024,15:40 until 05:14,Aries
2024,Nov,16,15 days,16:23,23:20,06:25,-12.8,0.0024,16:23 until 06:25,Aries
2024,Nov,17,16 days,16:23,--:--,06:25,-12.8,0.0024,16:23 until 06:25,Taurus
2024,Nov,18,17 days,17:12,00:21,07:36,-12.7,0.0025,17:12 until 07:36,Taurus
2024,Nov,19,18 days,18:07,01:24,08:43,-12.6,0.0025,18:07 until 08:43,Auriga
2024,Nov,20,19 days,19:08,02:27,09:44,-12.4,0.0026,19:08 until 09:44,Gemini
2024,Nov,21,20 days,20:11,03:26,10:36,-12.3,0.0026,20:11 until 10:36,Cancer
2024,Nov,22,21 days,21:14,04:20,11:20,-12.1,0.0026,21:14 until 11:20,Leo
2024,Nov,23,22 days,22:14,05:09,11:58,-11.9,0.0027,22:14 until 11:58,Leo
2024,Nov,24,23 days,23:11,05:54,12:30,-11.6,0.0027,23:11 until 12:30,Leo
2024,Nov,25,24 days,00:05,06:35,13:00,-11.3,0.0027,00:05 until 13:00,Virgo
2024,Nov,26,25 days,00:56,07:15,13:27,-11,0.0027,00:56 until 13:27,Virgo
2024,Nov,27,26 days,01:46,07:53,13:55,-10.6,0.0027,01:46 until 13:55,Virgo
2024,Nov,28,27 days,02:36,08:32,14:23,-10.1,0.0027,02:36 until 14:23,Virgo
2024,Nov,29,28 days,03:28,09:13,14:53,-9.3,0.0027,03:28 until 14:53,Libra
2024,Nov,30,29 days,04:22,09:56,15:27,-8.2,0.0027,04:22 until 15:27,Libra
2024,Dec,1,30 days,05:18,10:43,16:05,-6,0.0027,Not observable,Scorpius
2024,Dec,2,01 days,06:16,11:34,16:49,-7.3,0.0026,Not observable,Ophiuchus
2024,Dec,3,02 days,07:14,12:28,17:40,-8.9,0.0026,07:14 until 17:40,Sagittarius
2024,Dec,4,03 days,08:12,13:24,18:36,-9.9,0.0026,08:12 until 18:36,Sagittarius
2024,Dec,5,04 days,09:05,14:20,19:37,-10.6,0.0026,09:05 until 19:37,Sagittarius
2024,Dec,6,05 days,09:54,15:15,20:40,-11.1,0.0025,09:54 until 20:40,Capricornus
2024,Dec,7,06 days,10:37,16:08,21:43,-11.5,0.0025,10:37 until 21:43,Capricornus
2024,Dec,8,07 days,11:16,16:57,22:45,-11.8,0.0025,11:16 until 22:45,Aquarius
2024,Dec,9,08 days,11:51,17:45,23:46,-12.1,0.0025,11:51 until 23:46,Aquarius
2024,Dec,10,09 days,12:25,18:33,00:47,-12.3,0.0025,12:25 until 00:47,Pisces
2024,Dec,11,10 days,12:59,19:21,01:50,-12.5,0.0025,12:59 until 01:50,Pisces
2024,Dec,12,11 days,13:35,20:11,02:55,-12.6,0.0024,13:35 until 02:55,Aries
2024,Dec,13,12 days,14:14,21:04,04:02,-12.7,0.0024,14:14 until 04:02,Aries
2024,Dec,14,13 days,14:59,22:02,05:12,-12.8,0.0025,14:59 until 05:12,Taurus
2024,Dec,15,14 days,15:50,23:03,06:21,-12.8,0.0025,15:50 until 06:21,Taurus
2024,Dec,16,15 days,15:50,--:--,06:21,-12.7,0.0025,15:50 until 06:21,Auriga
2024,Dec,17,16 days,16:48,00:07,07:25,-12.7,0.0025,16:48 until 07:25,Gemini
2024,Dec,18,17 days,17:51,01:08,08:22,-12.6,0.0026,17:51 until 08:22,Cancer
2024,Dec,19,18 days,18:56,02:06,09:11,-12.5,0.0026,18:56 until 09:11,Cancer
2024,Dec,20,19 days,19:59,02:59,09:52,-12.3,0.0026,19:59 until 09:52,Leo
2024,Dec,21,20 days,20:58,03:46,10:28,-12.2,0.0027,20:58 until 10:28,Leo
2024,Dec,22,21 days,21:54,04:30,10:59,-12,0.0027,21:54 until 10:59,Leo
2024,Dec,23,22 days,22:47,05:11,11:28,-11.8,0.0027,22:47 until 11:28,Virgo
2024,Dec,24,23 days,23:38,05:50,11:55,-11.6,0.0027,23:38 until 11:55,Virgo
2024,Dec,25,24 days,00:29,06:29,12:23,-11.3,0.0027,00:29 until 12:23,Virgo
2024,Dec,26,25 days,01:20,07:09,12:52,-11,0.0027,01:20 until 12:52,Virgo
2024,Dec,27,26 days,02:12,07:51,13:24,-10.6,0.0027,02:12 until 13:24,Libra
2024,Dec,28,27 days,03:07,08:36,14:01,-10,0.0027,03:07 until 14:01,Scorpius
2024,Dec,29,28 days,04:05,09:25,14:43,-9.2,0.0026,04:05 until 14:43,Scorpius
2024,Dec,30,29 days,05:04,10:18,15:31,-7.8,0.0026,05:47 until 06:17,Sagittarius
2024,Dec,31,01 days,06:02,11:14,16:26,-5.9,0.0026,Not observable,Sagittarius
2025,Jan,1,02 days,06:58,12:12,17:27,-8.1,0.0026,Not observable,Sagittarius
2025,Jan,2,03 days,07:49,13:09,18:31,-9.5,0.0025,07:49 until 18:31,Capricornus
2025,Jan,3,04 days,08:35,14:03,19:36,-10.3,0.0025,08:35 until 19:36,Capricornus
2025,Jan,4,05 days,09:16,14:55,20:39,-10.9,0.0025,09:16 until 20:39,Aquarius
2025,Jan,5,06 days,09:53,15:44,21:41,-11.4,0.0025,09:53 until 21:41,Aquarius
2025,Jan,6,07 days,10:27,16:31,22:42,-11.7,0.0025,10:27 until 22:42,Pisces
2025,Jan,7,08 days,11:00,17:18,23:43,-12,0.0025,11:00 until 23:43,Pisces
2025,Jan,8,09 days,11:35,18:06,00:45,-12.2,0.0025,11:35 until 00:45,Aries
2025,Jan,9,10 days,12:12,18:57,01:50,-12.4,0.0025,12:12 until 01:50,Aries
2025,Jan,10,11 days,12:53,19:52,02:57,-12.5,0.0025,12:53 until 02:57,Taurus
2025,Jan,11,12 days,13:40,20:50,04:04,-12.6,0.0025,13:40 until 04:04,Taurus
2025,Jan,12,13 days,14:34,21:51,05:10,-12.7,0.0025,14:34 until 05:10,Taurus
2025,Jan,13,14 days,15:34,22:52,06:09,-12.7,0.0025,15:34 until 06:09,Gemini
2025,Jan,14,15 days,16:37,23:51,07:01,-12.7,0.0026,16:37 until 07:01,Gemini
2025,Jan,15,16 days,17:41,00:44,07:45,-12.7,0.0026,17:41 until 07:45,Cancer
2025,Jan,16,17 days,17:41,00:46,07:45,-12.6,0.0026,17:41 until 07:45,Leo
2025,Jan,17,18 days,18:43,01:37,08:23,-12.5,0.0026,18:43 until 08:23,Leo
2025,Jan,18,19 days,19:41,02:22,08:57,-12.4,0.0027,19:41 until 08:57,Leo
2025,Jan,19,20 days,20:36,03:05,09:27,-12.3,0.0027,20:36 until 09:27,Virgo
2025,Jan,20,21 days,21:29,03:45,09:55,-12.1,0.0027,21:29 until 09:55,Virgo
2025,Jan,21,22 days,22:20,04:24,10:23,-12,0.0027,22:20 until 10:23,Virgo
2025,Jan,22,23 days,23:11,05:04,10:51,-11.8,0.0027,23:11 until 10:51,Virgo
2025,Jan,23,24 days,00:02,05:45,11:22,-11.6,0.0027,00:02 until 11:22,Libra
2025,Jan,24,25 days,00:56,06:28,11:56,-11.3,0.0027,00:56 until 11:56,Libra
2025,Jan,25,26 days,01:52,07:15,12:35,-11,0.0026,01:52 until 12:35,Scorpius
2025,Jan,26,27 days,02:49,08:06,13:20,-10.5,0.0026,02:49 until 13:20,Ophiuchus
2025,Jan,27,28 days,03:48,09:01,14:12,-9.9,0.0026,03:48 until 14:12,Sagittarius
2025,Jan,28,29 days,04:46,09:58,15:11,-8.9,0.0025,04:46 until 15:11,Sagittarius
2025,Jan,29,30 days,05:40,10:56,16:15,-7,0.0025,Not observable,Capricornus
2025,Jan,30,01 days,06:28,11:52,17:20,-6.7,0.0025,Not observable,Capricornus
2025,Jan,31,02 days,07:12,12:46,18:26,-8.9,0.0025,07:12 until 18:26,Aquarius
2025,Feb,1,03 days,07:51,13:37,19:30,-10,0.0025,07:51 until 19:30,Aquarius
2025,Feb,2,04 days,08:27,14:27,20:33,-10.7,0.0025,08:27 until 20:33,Pisces
2025,Feb,3,05 days,09:01,15:15,21:36,-11.3,0.0025,09:01 until 21:36,Pisces
2025,Feb,4,06 days,09:36,16:04,22:39,-11.6,0.0025,09:36 until 22:39,Pisces
2025,Feb,5,07 days,10:12,16:54,23:43,-11.9,0.0025,10:12 until 23:43,Aries
2025,Feb,6,08 days,10:52,17:47,00:49,-12.1,0.0025,10:52 until 00:49,Aries
2025,Feb,7,09 days,11:37,18:44,01:56,-12.3,0.0025,11:37 until 01:56,Taurus
2025,Feb,8,10 days,12:27,19:43,03:01,-12.4,0.0025,12:27 until 03:01,Taurus
2025,Feb,9,11 days,13:24,20:43,04:01,-12.5,0.0025,13:24 until 04:01,Auriga
2025,Feb,10,12 days,14:26,21:42,04:55,-12.6,0.0026,14:26 until 04:55,Gemini
2025,Feb,11,13 days,15:29,22:37,05:41,-12.6,0.0026,15:29 until 05:41,Cancer
2025,Feb,12,14 days,16:30,23:28,06:21,-12.6,0.0026,16:30 until 06:21,Cancer
2025,Feb,13,15 days,16:30,--:--,06:21,-12.6,0.0026,16:30 until 06:21,Leo
2025,Feb,14,16 days,17:29,00:16,06:55,-12.6,0.0027,17:29 until 06:55,Leo
2025,Feb,15,17 days,18:26,00:59,07:26,-12.5,0.0027,18:26 until 07:26,Virgo
2025,Feb,16,18 days,19:19,01:40,07:55,-12.4,0.0027,19:19 until 07:55,Virgo
2025,Feb,17,19 days,20:11,02:20,08:23,-12.4,0.0027,20:11 until 08:23,Virgo
2025,Feb,18,20 days,21:02,02:59,08:51,-12.2,0.0027,21:02 until 08:51,Virgo
2025,Feb,19,21 days,21:53,03:40,09:21,-12.1,0.0027,21:53 until 09:21,Libra
2025,Feb,20,22 days,22:46,04:22,09:53,-12,0.0027,22:46 until 09:53,Libra
2025,Feb,21,23 days,23:40,05:07,10:29,-11.8,0.0027,23:40 until 10:29,Scorpius
2025,Feb,22,24 days,00:37,05:56,11:11,-11.6,0.0026,00:37 until 11:11,Ophiuchus
2025,Feb,23,25 days,01:34,06:48,11:59,-11.3,0.0026,01:34 until 11:59,Sagittarius
2025,Feb,24,26 days,02:31,07:43,12:54,-10.9,0.0026,02:31 until 12:54,Sagittarius
2025,Feb,25,27 days,03:26,08:39,13:55,-10.4,0.0025,03:26 until 13:55,Sagittarius
2025,Feb,26,28 days,04:17,09:36,14:59,-9.6,0.0025,04:17 until 14:59,Capricornus
2025,Feb,27,29 days,05:03,10:31,16:05,-8.2,0.0025,05:03 until 16:05,Capricornus
2025,Feb,28,30 days,05:44,11:24,17:11,-3.7,0.0024,Not observable,Aquarius
2025,Mar,1,01 days,06:22,12:16,18:16,-8.1,0.0024,Not observable,Pisces
2025,Mar,2,02 days,06:58,13:06,19:21,-9.7,0.0024,06:58 until 19:21,Pisces
2025,Mar,3,03 days,07:33,13:56,20:26,-10.5,0.0024,07:33 until 20:26,Pisces
2025,Mar,4,04 days,08:10,14:47,21:32,-11.1,0.0024,08:10 until 21:32,Aries
2025,Mar,5,05 days,08:50,15:41,22:40,-11.5,0.0025,08:50 until 22:40,Aries
2025,Mar,6,06 days,09:34,16:38,23:48,-11.8,0.0025,09:34 until 23:48,Taurus
2025,Mar,7,07 days,10:24,17:37,00:54,-12,0.0025,10:24 until 00:54,Taurus
2025,Mar,8,08 days,11:19,18:37,01:56,-12.2,0.0025,11:19 until 01:56,Auriga
2025,Mar,9,09 days,12:19,19:37,02:51,-12.3,0.0026,12:19 until 02:51,Gemini
2025,Mar,10,10 days,13:21,20:33,03:39,-12.4,0.0026,13:21 until 03:39,Cancer
2025,Mar,11,11 days,14:23,21:24,04:20,-12.5,0.0026,14:23 until 04:20,Cancer
2025,Mar,12,12 days,15:22,22:12,04:56,-12.5,0.0026,15:22 until 04:56,Leo
2025,Mar,13,13 days,16:18,22:56,05:28,-12.6,0.0027,16:18 until 05:28,Leo
2025,Mar,14,14 days,17:12,23:37,05:57,-12.6,0.0027,17:12 until 05:57,Leo
2025,Mar,15,15 days,17:12,--:--,05:57,-12.5,0.0027,17:12 until 05:57,Virgo
2025,Mar,16,16 days,18:04,00:17,06:25,-12.5,0.0027,18:04 until 06:25,Virgo
2025,Mar,17,17 days,18:55,00:57,06:53,-12.5,0.0027,18:55 until 06:53,Virgo
2025,Mar,18,18 days,19:46,01:37,07:22,-12.4,0.0027,19:46 until 07:22,Virgo
2025,Mar,19,19 days,20:39,02:18,07:53,-12.3,0.0027,20:39 until 07:53,Libra
2025,Mar,20,20 days,21:32,03:02,08:27,-12.2,0.0027,21:32 until 08:27,Scorpius
2025,Mar,21,21 days,22:28,03:49,09:06,-12.1,0.0027,22:28 until 09:06,Scorpius
2025,Mar,22,22 days,23:24,04:39,09:51,-11.9,0.0026,23:24 until 09:51,Ophiuchus
2025,Mar,23,23 days,00:20,05:32,10:42,-11.8,0.0026,00:20 until 10:42,Sagittarius
2025,Mar,24,24 days,01:15,06:27,11:39,-11.5,0.0026,01:15 until 11:39,Sagittarius
2025,Mar,25,25 days,02:06,07:22,12:41,-11.2,0.0025,02:06 until 12:41,Capricornus
2025,Mar,26,26 days,02:53,08:16,13:44,-10.7,0.0025,02:53 until 13:44,Capricornus
2025,Mar,27,27 days,03:35,09:09,14:49,-10.1,0.0025,03:35 until 14:49,Aquarius
2025,Mar,28,28 days,04:14,10:01,15:54,-9,0.0024,04:14 until 15:54,Aquarius
2025,Mar,29,29 days,04:51,10:51,16:59,-6.6,0.0024,05:27 until 05:30,Pisces
2025,Mar,30,01 days,05:27,11:42,18:05,-7,0.0024,Not observable,Pisces
2025,Mar,31,02 days,06:03,12:34,19:12,-9.2,0.0024,06:03 until 19:12,Aries
2025,Apr,1,03 days,06:43,13:28,20:21,-10.3,0.0024,06:43 until 20:21,Aries
2025,Apr,2,04 days,07:26,14:26,21:32,-10.9,0.0024,07:26 until 21:32,Taurus
2025,Apr,3,05 days,08:15,15:26,22:42,-11.3,0.0025,08:15 until 22:42,Taurus
2025,Apr,4,06 days,09:11,16:29,23:48,-11.7,0.0025,09:11 until 23:48,Auriga
2025,Apr,5,07 days,10:11,17:30,00:47,-11.9,0.0025,10:11 until 00:47,Gemini
2025,Apr,6,08 days,11:14,18:28,01:38,-12.1,0.0026,11:14 until 01:38,Cancer
2025,Apr,7,09 days,12:17,19:22,02:21,-12.2,0.0026,12:17 until 02:21,Cancer
2025,Apr,8,10 days,13:17,20:10,02:58,-12.3,0.0026,13:17 until 02:58,Leo
2025,Apr,9,11 days,14:13,20:55,03:30,-12.4,0.0027,14:13 until 03:30,Leo
2025,Apr,10,12 days,15:08,21:37,04:00,-12.5,0.0027,15:08 until 04:00,Leo
2025,Apr,11,13 days,16:00,22:17,04:28,-12.5,0.0027,16:00 until 04:28,Virgo
2025,Apr,12,14 days,16:50,22:56,04:56,-12.5,0.0027,16:50 until 04:56,Virgo
2025,Apr,13,15 days,17:41,23:35,05:24,-12.5,0.0027,17:41 until 05:24,Virgo
2025,Apr,14,16 days,17:41,--:--,05:24,-12.5,0.0027,17:41 until 05:24,Virgo
2025,Apr,15,17 days,18:33,00:16,05:55,-12.5,0.0027,18:33 until 05:55,Libra
2025,Apr,16,18 days,19:26,00:59,06:28,-12.4,0.0027,19:26 until 06:28,Libra
2025,Apr,17,19 days,20:21,01:45,07:05,-12.4,0.0027,20:21 until 07:05,Scorpius
2025,Apr,18,20 days,21:17,02:34,07:48,-12.3,0.0027,21:17 until 07:48,Ophiuchus
2025,Apr,19,21 days,22:13,03:26,08:37,-12.2,0.0026,22:13 until 08:37,Sagittarius
2025,Apr,20,22 days,23:08,04:19,09:31,-12.1,0.0026,23:08 until 09:31,Sagittarius
2025,Apr,21,23 days,23:59,05:13,10:29,-11.9,0.0026,23:59 until 10:29,Capricornus
2025,Apr,22,24 days,00:47,06:07,11:30,-11.7,0.0025,00:47 until 11:30,Capricornus
2025,Apr,23,25 days,01:29,06:59,12:32,-11.4,0.0025,01:29 until 12:32,Aquarius
2025,Apr,24,26 days,02:08,07:49,13:35,-11,0.0025,02:08 until 13:35,Aquarius
2025,Apr,25,27 days,02:44,08:38,14:38,-10.4,0.0024,02:44 until 14:38,Pisces
2025,Apr,26,28 days,03:20,09:27,15:42,-9.5,0.0024,03:20 until 15:42,Pisces
2025,Apr,27,29 days,03:55,10:17,16:47,-7.9,0.0024,03:55 until 16:47,Pisces
2025,Apr,28,01 days,04:33,11:10,17:56,-5.8,0.0024,Not observable,Aries
2025,Apr,29,02 days,05:15,12:07,19:07,-8.7,0.0024,Not observable,Aries
2025,Apr,30,03 days,06:02,13:08,20:20,-9.9,0.0024,06:02 until 20:20,Taurus
2025,May,1,04 days,06:56,14:12,21:31,-10.7,0.0025,06:56 until 21:31,Taurus
2025,May,2,05 days,07:57,15:16,22:35,-11.1,0.0025,07:57 until 22:35,Gemini
2025,May,3,06 days,09:01,16:18,23:31,-11.5,0.0025,09:01 until 23:31,Gemini
2025,May,4,07 days,10:06,17:15,00:18,-11.7,0.0026,10:06 until 00:18,Cancer
2025,May,5,08 days,11:09,18:07,00:58,-11.9,0.0026,11:09 until 00:58,Leo
2025,May,6,09 days,12:08,18:53,01:32,-12.1,0.0026,12:08 until 01:32,Leo
2025,May,7,10 days,13:03,19:36,02:03,-12.2,0.0027,13:03 until 02:03,Leo
2025,May,8,11 days,13:56,20:17,02:31,-12.3,0.0027,13:56 until 02:31,Virgo
2025,May,9,12 days,14:47,20:56,02:59,-12.4,0.0027,14:47 until 02:59,Virgo
2025,May,10,13 days,15:37,21:35,03:27,-12.4,0.0027,15:37 until 03:27,Virgo
2025,May,11,14 days,16:29,22:15,03:57,-12.5,0.0027,16:29 until 03:57,Virgo
2025,May,12,15 days,17:21,22:57,04:29,-12.5,0.0027,17:21 until 04:29,Libra
2025,May,13,16 days,18:16,23:42,05:06,-12.5,0.0027,18:16 until 05:06,Libra
2025,May,14,17 days,19:12,00:29,05:47,-12.5,0.0027,19:12 until 05:47,Scorpius
2025,May,15,18 days,19:12,00:31,05:47,-12.5,0.0027,19:12 until 05:47,Ophiuchus
2025,May,16,19 days,20:08,01:22,06:34,-12.4,0.0027,20:08 until 06:34,Sagittarius
2025,May,17,20 days,21:03,02:15,07:26,-12.4,0.0026,21:03 until 07:26,Sagittarius
2025,May,18,21 days,21:56,03:09,08:23,-12.3,0.0026,21:56 until 08:23,Sagittarius
2025,May,19,22 days,22:44,04:02,09:23,-12.2,0.0026,22:44 until 09:23,Capricornus
2025,May,20,23 days,23:27,04:53,10:23,-12,0.0025,23:27 until 10:23,Capricornus
2025,May,21,24 days,00:06,05:43,11:24,-11.8,0.0025,00:06 until 11:24,Aquarius
2025,May,22,25 days,00:42,06:30,12:25,-11.5,0.0025,00:42 until 12:25,Aquarius
2025,May,23,26 days,01:16,07:18,13:25,-11.1,0.0024,01:16 until 13:25,Pisces
2025,May,24,27 days,01:50,08:05,14:28,-10.6,0.0024,01:50 until 14:28,Pisces
2025,May,25,28 days,02:25,08:55,15:33,-9.9,0.0024,02:25 until 15:33,Aries
2025,May,26,29 days,03:04,09:49,16:42,-8.6,0.0024,03:04 until 16:42,Aries
2025,May,27,30 days,03:48,10:47,17:54,-6,0.0024,Not observable,Taurus
2025,May,28,01 days,04:39,11:50,19:06,-8.1,0.0024,Not observable,Taurus
2025,May,29,02 days,05:37,12:56,20:15,-9.5,0.0024,05:37 until 20:15,Auriga
2025,May,30,03 days,06:42,14:00,21:17,-10.4,0.0025,06:42 until 21:17,Gemini
2025,May,31,04 days,07:49,15:02,22:10,-10.9,0.0025,07:49 until 22:10,Cancer
2025,Jun,1,05 days,08:55,15:57,22:54,-11.3,0.0026,08:55 until 22:54,Cancer
2025,Jun,2,06 days,09:57,16:47,23:31,-11.6,0.0026,09:57 until 23:31,Leo
2025,Jun,3,07 days,10:55,17:32,00:04,-11.8,0.0026,10:55 until 00:04,Leo
2025,Jun,4,08 days,11:49,18:14,00:33,-12,0.0027,11:49 until 00:33,Leo
2025,Jun,5,09 days,12:42,18:54,01:01,-12.1,0.0027,12:42 until 01:01,Virgo
2025,Jun,6,10 days,13:33,19:34,01:29,-12.2,0.0027,13:33 until 01:29,Virgo
2025,Jun,7,11 days,14:24,20:13,01:58,-12.3,0.0027,14:24 until 01:58,Virgo
2025,Jun,8,12 days,15:16,20:55,02:30,-12.4,0.0027,15:16 until 02:30,Libra
2025,Jun,9,13 days,16:09,21:39,03:05,-12.4,0.0027,16:09 until 03:05,Libra
2025,Jun,10,14 days,17:05,22:26,03:45,-12.5,0.0027,17:05 until 03:45,Scorpius
2025,Jun,11,15 days,18:02,23:17,04:30,-12.5,0.0027,18:02 until 04:30,Ophiuchus
2025,Jun,12,16 days,18:02,--:--,04:30,-12.5,0.0027,18:02 until 04:30,Sagittarius
2025,Jun,13,17 days,18:58,00:10,05:22,-12.5,0.0026,18:58 until 05:22,Sagittarius
2025,Jun,14,18 days,19:52,01:04,06:18,-12.5,0.0026,19:52 until 06:18,Sagittarius
2025,Jun,15,19 days,20:42,01:58,07:17,-12.4,0.0026,20:42 until 07:17,Capricornus
2025,Jun,16,20 days,21:26,02:50,08:18,-12.4,0.0026,21:26 until 08:18,Capricornus
2025,Jun,17,21 days,22:07,03:40,09:18,-12.2,0.0025,22:07 until 09:18,Aquarius
2025,Jun,18,22 days,22:43,04:28,10:18,-12.1,0.0025,22:43 until 10:18,Aquarius
2025,Jun,19,23 days,23:17,05:14,11:17,-11.9,0.0025,23:17 until 11:17,Pisces
2025,Jun,20,24 days,23:50,06:00,12:17,-11.6,0.0025,23:50 until 12:17,Pisces
2025,Jun,21,25 days,00:23,06:48,13:19,-11.3,0.0024,00:23 until 13:19,Pisces
2025,Jun,22,26 days,00:59,07:38,14:24,-10.8,0.0024,00:59 until 14:24,Aries
2025,Jun,23,27 days,01:39,08:32,15:33,-10.1,0.0024,01:39 until 15:33,Taurus
2025,Jun,24,28 days,02:26,09:32,16:43,-9,0.0024,02:26 until 16:43,Taurus
2025,Jun,25,29 days,03:20,10:35,17:53,-6.9,0.0024,04:01 until 04:42,Taurus
2025,Jun,26,01 days,04:21,11:40,18:59,-7.2,0.0025,Not observable,Gemini
2025,Jun,27,02 days,05:28,12:44,19:56,-9,0.0025,05:28 until 19:56,Gemini
2025,Jun,28,03 days,06:35,13:43,20:45,-10,0.0025,06:35 until 20:45,Cancer
2025,Jun,29,04 days,07:40,14:36,21:26,-10.6,0.0026,07:40 until 21:26,Leo
2025,Jun,30,05 days,08:42,15:25,22:01,-11,0.0026,08:42 until 22:01,Leo
2025,Jul,1,06 days,09:39,16:09,22:33,-11.3,0.0026,09:39 until 22:33,Leo
2025,Jul,2,07 days,10:33,16:50,23:02,-11.6,0.0027,10:33 until 23:02,Virgo
2025,Jul,3,08 days,11:25,17:30,23:30,-11.8,0.0027,11:25 until 23:30,Virgo
2025,Jul,4,09 days,12:17,18:10,23:59,-12,0.0027,12:17 until 23:59,Virgo
2025,Jul,5,10 days,13:08,18:51,00:29,-12.1,0.0027,13:08 until 00:29,Virgo
2025,Jul,6,11 days,14:02,19:34,01:03,-12.2,0.0027,14:02 until 01:03,Libra
2025,Jul,7,12 days,14:57,20:20,01:41,-12.3,0.0027,14:57 until 01:41,Scorpius
2025,Jul,8,13 days,15:53,21:10,02:24,-12.4,0.0027,15:53 until 02:24,Scorpius
2025,Jul,9,14 days,16:50,22:02,03:14,-12.5,0.0027,16:50 until 03:14,Ophiuchus
2025,Jul,10,15 days,17:45,22:57,04:09,-12.5,0.0026,17:45 until 04:09,Sagittarius
2025,Jul,11,16 days,18:37,23:51,05:09,-12.6,0.0026,18:37 until 05:09,Sagittarius
2025,Jul,12,17 days,19:24,00:43,06:10,-12.6,0.0026,19:24 until 06:10,Capricornus
2025,Jul,13,18 days,19:24,00:45,06:10,-12.6,0.0026,19:24 until 06:10,Capricornus
2025,Jul,14,19 days,20:06,01:36,07:12,-12.5,0.0025,20:06 until 07:12,Aquarius
2025,Jul,15,20 days,20:44,02:25,08:13,-12.4,0.0025,20:44 until 08:13,Aquarius
2025,Jul,16,21 days,21:19,03:13,09:12,-12.3,0.0025,21:19 until 09:12,Pisces
2025,Jul,17,22 days,21:52,03:59,10:12,-12.2,0.0025,21:52 until 10:12,Pisces
2025,Jul,18,23 days,22:25,04:45,11:13,-12,0.0025,22:25 until 11:13,Pisces
2025,Jul,19,24 days,22:59,05:34,12:15,-11.7,0.0025,22:59 until 12:15,Aries
2025,Jul,20,25 days,23:37,06:26,13:21,-11.3,0.0025,23:37 until 13:21,Aries
2025,Jul,21,26 days,00:20,07:21,14:29,-10.9,0.0025,00:20 until 14:29,Taurus
2025,Jul,22,27 days,01:09,08:21,15:37,-10.2,0.0025,01:09 until 15:37,Taurus
2025,Jul,23,28 days,02:06,09:24,16:43,-9.3,0.0025,02:06 until 16:43,Auriga
2025,Jul,24,29 days,03:09,10:28,17:43,-7.6,0.0025,03:52 until 04:54,Gemini
2025,Jul,25,01 days,04:16,11:28,18:35,-5.6,0.0025,Not observable,Cancer
2025,Jul,26,02 days,05:23,12:24,19:19,-8.3,0.0025,Not observable,Leo
2025,Jul,27,03 days,06:26,13:15,19:57,-9.5,0.0026,06:26 until 19:57,Leo
2025,Jul,28,04 days,07:25,14:01,20:30,-10.2,0.0026,07:25 until 20:30,Leo
2025,Jul,29,05 days,08:22,14:44,21:01,-10.7,0.0026,08:22 until 21:01,Virgo
2025,Jul,30,06 days,09:15,15:25,21:29,-11.1,0.0027,09:15 until 21:29,Virgo
2025,Jul,31,07 days,10:07,16:06,21:58,-11.4,0.0027,10:07 until 21:58,Virgo
2025,Aug,1,08 days,11:00,16:46,22:28,-11.6,0.0027,11:00 until 22:28,Virgo
2025,Aug,2,09 days,11:52,17:29,23:01,-11.9,0.0027,11:52 until 23:01,Libra
2025,Aug,3,10 days,12:47,18:14,23:37,-12,0.0027,12:47 until 23:37,Libra
2025,Aug,4,11 days,13:42,19:01,00:18,-12.2,0.0027,13:42 until 00:18,Scorpius
2025,Aug,5,12 days,14:39,19:53,01:05,-12.3,0.0027,14:39 until 01:05,Ophiuchus
2025,Aug,6,13 days,15:35,20:46,01:58,-12.4,0.0026,15:35 until 01:58,Sagittarius
2025,Aug,7,14 days,16:28,21:41,02:56,-12.5,0.0026,16:28 until 02:56,Sagittarius
2025,Aug,8,15 days,17:17,22:36,03:57,-12.6,0.0026,17:17 until 03:57,Capricornus
2025,Aug,9,16 days,18:02,23:29,05:00,-12.6,0.0025,18:02 until 05:00,Capricornus
2025,Aug,10,17 days,18:02,--:--,05:00,-12.6,0.0025,18:02 until 05:00,Capricornus
2025,Aug,11,18 days,18:42,00:19,06:03,-12.6,0.0025,18:42 until 06:03,Aquarius
2025,Aug,12,19 days,19:19,01:08,07:04,-12.6,0.0025,19:19 until 07:04,Pisces
2025,Aug,13,20 days,19:53,01:55,08:05,-12.5,0.0025,19:53 until 08:05,Pisces
2025,Aug,14,21 days,20:26,02:43,09:06,-12.4,0.0025,20:26 until 09:06,Pisces
2025,Aug,15,22 days,21:01,03:31,10:09,-12.2,0.0025,21:01 until 10:09,Aries
2025,Aug,16,23 days,21:37,04:22,11:14,-12,0.0025,21:37 until 11:14,Aries
2025,Aug,17,24 days,22:18,05:17,12:21,-11.7,0.0025,22:18 until 12:21,Taurus
2025,Aug,18,25 days,23:05,06:15,13:28,-11.4,0.0025,23:05 until 13:28,Taurus
2025,Aug,19,26 days,23:59,07:16,14:34,-11,0.0025,23:59 until 14:34,Auriga
2025,Aug,20,27 days,00:59,08:18,15:35,-10.4,0.0025,00:59 until 15:35,Gemini
2025,Aug,21,28 days,02:03,09:18,16:29,-9.6,0.0025,02:03 until 16:29,Cancer
2025,Aug,22,29 days,03:08,10:14,17:14,-8.3,0.0026,03:08 until 17:14,Cancer
2025,Aug,23,30 days,04:12,11:06,17:54,-5.1,0.0026,Not observable,Leo
2025,Aug,24,01 days,05:13,11:54,18:29,-7.1,0.0026,Not observable,Leo
2025,Aug,25,02 days,06:10,12:38,19:00,-8.8,0.0026,06:10 until 19:00,Leo
2025,Aug,26,03 days,07:05,13:20,19:29,-9.8,0.0027,07:05 until 19:29,Virgo
2025,Aug,27,04 days,07:58,14:01,19:58,-10.4,0.0027,07:58 until 19:58,Virgo
2025,Aug,28,05 days,08:50,14:41,20:27,-10.8,0.0027,08:50 until 20:27,Virgo
2025,Aug,29,06 days,09:43,15:23,20:59,-11.2,0.0027,09:43 until 20:59,Libra
2025,Aug,30,07 days,10:37,16:07,21:33,-11.5,0.0027,10:37 until 21:33,Libra
2025,Aug,31,08 days,11:32,16:54,22:12,-11.7,0.0027,11:32 until 22:12,Scorpius
2025,Sep,1,09 days,12:28,17:43,22:56,-11.9,0.0027,12:28 until 22:56,Ophiuchus
2025,Sep,2,10 days,13:24,18:35,23:46,-12.1,0.0027,13:24 until 23:46,Sagittarius
2025,Sep,3,11 days,14:17,19:29,00:41,-12.3,0.0026,14:17 until 00:41,Sagittarius
2025,Sep,4,12 days,15:08,20:23,01:41,-12.4,0.0026,15:08 until 01:41,Sagittarius
2025,Sep,5,13 days,15:54,21:17,02:43,-12.5,0.0026,15:54 until 02:43,Capricornus
2025,Sep,6,14 days,16:36,22:08,03:46,-12.6,0.0025,16:36 until 03:46,Capricornus
2025,Sep,7,15 days,17:14,22:58,04:49,-12.7,0.0025,17:14 until 04:49,Aquarius
2025,Sep,8,16 days,17:50,23:47,05:51,-12.7,0.0025,17:50 until 05:51,Aquarius
2025,Sep,9,17 days,18:24,00:34,06:54,-12.7,0.0024,18:24 until 06:54,Pisces
2025,Sep,10,18 days,18:24,00:35,06:54,-12.7,0.0024,18:24 until 06:54,Pisces
2025,Sep,11,19 days,18:59,01:25,07:58,-12.6,0.0024,18:59 until 07:58,Aries
2025,Sep,12,20 days,19:36,02:16,09:04,-12.5,0.0024,19:36 until 09:04,Aries
2025,Sep,13,21 days,20:16,03:11,10:12,-12.3,0.0025,20:16 until 10:12,Taurus
2025,Sep,14,22 days,21:02,04:09,11:21,-12.1,0.0025,21:02 until 11:21,Taurus
2025,Sep,15,23 days,21:54,05:10,12:28,-11.8,0.0025,21:54 until 12:28,Auriga
2025,Sep,16,24 days,22:53,06:12,13:30,-11.5,0.0025,22:53 until 13:30,Gemini
2025,Sep,17,25 days,23:56,07:12,14:25,-11.1,0.0025,23:56 until 14:25,Gemini
2025,Sep,18,26 days,01:00,08:09,15:13,-10.6,0.0026,01:00 until 15:13,Cancer
2025,Sep,19,27 days,02:03,09:02,15:53,-9.9,0.0026,02:03 until 15:53,Leo
2025,Sep,20,28 days,03:04,09:50,16:29,-8.9,0.0026,03:04 until 16:29,Leo
2025,Sep,21,29 days,04:01,10:34,17:01,-7.2,0.0026,04:38 until 05:21,Leo
2025,Sep,22,01 days,04:56,11:16,17:30,-4,0.0027,Not observable,Virgo
2025,Sep,23,02 days,05:50,11:57,17:59,-7.9,0.0027,Not observable,Virgo
2025,Sep,24,03 days,06:42,12:38,18:28,-9.2,0.0027,06:42 until 18:28,Virgo
2025,Sep,25,04 days,07:35,13:19,18:59,-10,0.0027,07:35 until 18:59,Virgo
2025,Sep,26,05 days,08:28,14:02,19:32,-10.5,0.0027,08:28 until 19:32,Libra
2025,Sep,27,06 days,09:23,14:48,20:09,-10.9,0.0027,09:23 until 20:09,Scorpius
2025,Sep,28,07 days,10:18,15:36,20:50,-11.3,0.0027,10:18 until 20:50,Scorpius
2025,Sep,29,08 days,11:14,16:26,21:37,-11.6,0.0027,11:14 until 21:37,Ophiuchus
2025,Sep,30,09 days,12:08,17:18,22:30,-11.8,0.0027,12:08 until 22:30,Sagittarius
2025,Oct,1,10 days,12:59,18:12,23:26,-12,0.0026,12:59 until 23:26,Sagittarius
2025,Oct,2,11 days,13:46,19:04,00:26,-12.2,0.0026,13:46 until 00:26,Capricornus
2025,Oct,3,12 days,14:29,19:56,01:27,-12.4,0.0026,14:29 until 01:27,Capricornus
2025,Oct,4,13 days,15:08,20:46,02:29,-12.5,0.0025,15:08 until 02:29,Aquarius
2025,Oct,5,14 days,15:44,21:34,03:31,-12.7,0.0025,15:44 until 03:31,Aquarius
2025,Oct,6,15 days,16:19,22:23,04:34,-12.7,0.0024,16:19 until 04:34,Pisces
2025,Oct,7,16 days,16:54,23:12,05:38,-12.8,0.0024,16:54 until 05:38,Pisces
2025,Oct,8,17 days,16:54,--:--,05:38,-12.8,0.0024,16:54 until 05:38,Pisces
2025,Oct,9,18 days,17:30,00:04,06:45,-12.7,0.0024,17:30 until 06:45,Aries
2025,Oct,10,19 days,18:10,00:58,07:54,-12.6,0.0024,18:10 until 07:54,Taurus
2025,Oct,11,20 days,18:55,01:57,09:06,-12.5,0.0024,18:55 until 09:06,Taurus
2025,Oct,12,21 days,19:46,02:59,10:16,-12.3,0.0025,19:46 until 10:16,Taurus
2025,Oct,13,22 days,20:45,04:03,11:23,-12.1,0.0025,20:45 until 11:23,Gemini
2025,Oct,14,23 days,21:48,05:06,12:21,-11.9,0.0025,21:48 until 12:21,Gemini
2025,Oct,15,24 days,22:53,06:05,13:12,-11.6,0.0026,22:53 until 13:12,Cancer
2025,Oct,16,25 days,23:57,06:59,13:54,-11.2,0.0026,23:57 until 13:54,Leo
2025,Oct,17,26 days,00:58,07:48,14:31,-10.8,0.0026,00:58 until 14:31,Leo
2025,Oct,18,27 days,01:56,08:33,15:03,-10.2,0.0026,01:56 until 15:03,Leo
2025,Oct,19,28 days,02:51,09:15,15:33,-9.5,0.0027,02:51 until 15:33,Virgo
2025,Oct,20,29 days,03:44,09:56,16:02,-8.4,0.0027,03:44 until 16:02,Virgo
2025,Oct,21,30 days,04:36,10:36,16:30,-6.3,0.0027,05:13 until 05:34,Virgo
2025,Oct,22,01 days,05:29,11:17,17:00,-6.3,0.0027,Not observable,Virgo
2025,Oct,23,02 days,06:22,11:59,17:32,-8.4,0.0027,Not observable,Libra
2025,Oct,24,03 days,07:16,12:44,18:08,-9.4,0.0027,07:16 until 18:08,Libra
2025,Oct,25,04 days,08:11,13:31,18:48,-10.1,0.0027,08:11 until 18:48,Scorpius
2025,Oct,26,05 days,09:06,14:20,19:33,-10.6,0.0027,09:06 until 19:33,Ophiuchus
2025,Oct,27,06 days,10:01,15:12,20:23,-11.1,0.0027,10:01 until 20:23,Sagittarius
2025,Oct,28,07 days,10:52,16:04,21:17,-11.4,0.0027,10:52 until 21:17,Sagittarius
2025,Oct,29,08 days,11:40,16:56,22:15,-11.7,0.0026,11:40 until 22:15,Sagittarius
2025,Oct,30,09 days,12:23,17:46,23:13,-12,0.0026,12:23 until 23:13,Capricornus
2025,Oct,31,10 days,13:02,18:35,00:13,-12.2,0.0026,13:02 until 00:13,Capricornus
2025,Nov,1,11 days,13:39,19:23,01:13,-12.4,0.0025,13:39 until 01:13,Aquarius
2025,Nov,2,12 days,14:13,20:10,02:13,-12.5,0.0025,14:13 until 02:13,Aquarius
2025,Nov,3,13 days,14:47,20:58,03:16,-12.7,0.0024,14:47 until 03:16,Pisces
2025,Nov,4,14 days,15:22,21:47,04:21,-12.8,0.0024,15:22 until 04:21,Pisces
2025,Nov,5,15 days,16:00,22:40,05:29,-12.8,0.0024,16:00 until 05:29,Aries
2025,Nov,6,16 days,16:43,23:38,06:41,-12.8,0.0024,16:43 until 06:41,Aries
2025,Nov,7,17 days,17:32,00:38,07:54,-12.8,0.0024,17:32 until 07:54,Taurus
2025,Nov,8,18 days,17:32,00:40,07:54,-12.7,0.0024,17:32 until 07:54,Taurus
2025,Nov,9,19 days,18:29,01:46,09:06,-12.6,0.0024,18:29 until 09:06,Auriga
2025,Nov,10,20 days,19:33,02:52,10:10,-12.4,0.0025,19:33 until 10:10,Gemini
2025,Nov,11,21 days,20:40,03:55,11:06,-12.2,0.0025,20:40 until 11:06,Cancer
2025,Nov,12,22 days,21:47,04:53,11:52,-12,0.0026,21:47 until 11:52,Cancer
2025,Nov,13,23 days,22:51,05:45,12:31,-11.7,0.0026,22:51 until 12:31,Leo
2025,Nov,14,24 days,23:51,06:32,13:05,-11.4,0.0026,23:51 until 13:05,Leo
2025,Nov,15,25 days,00:47,07:15,13:36,-11,0.0027,00:47 until 13:36,Virgo
2025,Nov,16,26 days,01:40,07:56,14:05,-10.6,0.0027,01:40 until 14:05,Virgo
2025,Nov,17,27 days,02:33,08:36,14:33,-10,0.0027,02:33 until 14:33,Virgo
2025,Nov,18,28 days,03:24,09:16,15:03,-9.3,0.0027,03:24 until 15:03,Virgo
2025,Nov,19,29 days,04:17,09:58,15:34,-8.1,0.0027,04:17 until 15:34,Libra
2025,Nov,20,30 days,05:10,10:41,16:08,-6,0.0027,Not observable,Libra
2025,Nov,21,01 days,06:05,11:28,16:47,-7.1,0.0027,Not observable,Scorpius
2025,Nov,22,02 days,07:01,12:16,17:30,-8.7,0.0027,07:01 until 17:30,Ophiuchus
2025,Nov,23,03 days,07:55,13:08,18:19,-9.6,0.0027,07:55 until 18:19,Sagittarius
2025,Nov,24,04 days,08:48,14:00,19:12,-10.3,0.0027,08:48 until 19:12,Sagittarius
2025,Nov,25,05 days,09:37,14:51,20:08,-10.8,0.0027,09:37 until 20:08,Sagittarius
2025,Nov,26,06 days,10:21,15:42,21:06,-11.2,0.0026,10:21 until 21:06,Capricornus
2025,Nov,27,07 days,11:01,16:30,22:04,-11.6,0.0026,11:01 until 22:04,Capricornus
2025,Nov,28,08 days,11:37,17:17,23:02,-11.9,0.0026,11:37 until 23:02,Aquarius
2025,Nov,29,09 days,12:11,18:02,00:00,-12.1,0.0025,12:11 until 00:00,Aquarius
2025,Nov,30,10 days,12:43,18:48,00:59,-12.3,0.0025,12:43 until 00:59,Pisces
2025,Dec,1,11 days,13:16,19:34,02:00,-12.5,0.0025,13:16 until 02:00,Pisces
2025,Dec,2,12 days,13:51,20:24,03:04,-12.7,0.0024,13:51 until 03:04,Pisces
2025,Dec,3,13 days,14:30,21:18,04:13,-12.8,0.0024,14:30 until 04:13,Aries
2025,Dec,4,14 days,15:15,22:17,05:26,-12.8,0.0024,15:15 until 05:26,Taurus
2025,Dec,5,15 days,16:08,23:21,06:39,-12.8,0.0024,16:08 until 06:39,Taurus
2025,Dec,6,16 days,16:08,--:--,06:39,-12.8,0.0024,16:08 until 06:39,Taurus
2025,Dec,7,17 days,17:10,00:29,07:49,-12.7,0.0024,17:10 until 07:49,Gemini
2025,Dec,8,18 days,18:18,01:36,08:51,-12.6,0.0025,18:18 until 08:51,Cancer
2025,Dec,9,19 days,19:28,02:38,09:43,-12.5,0.0025,19:28 until 09:43,Cancer
2025,Dec,10,20 days,20:36,03:35,10:27,-12.3,0.0025,20:36 until 10:27,Leo
2025,Dec,11,21 days,21:40,04:25,11:04,-12.1,0.0026,21:40 until 11:04,Leo
2025,Dec,12,22 days,22:39,05:11,11:37,-11.9,0.0026,22:39 until 11:37,Leo
2025,Dec,13,23 days,23:34,05:54,12:07,-11.6,0.0027,23:34 until 12:07,Virgo
2025,Dec,14,24 days,00:28,06:35,12:36,-11.3,0.0027,00:28 until 12:36,Virgo
2025,Dec,15,25 days,01:20,07:15,13:05,-10.9,0.0027,01:20 until 13:05,Virgo
2025,Dec,16,26 days,02:12,07:56,13:35,-10.5,0.0027,02:12 until 13:35,Libra
2025,Dec,17,27 days,03:05,08:39,14:09,-9.9,0.0027,03:05 until 14:09,Libra
2025,Dec,18,28 days,03:59,09:24,14:46,-9.1,0.0027,03:59 until 14:46,Scorpius
2025,Dec,19,29 days,04:55,10:12,15:28,-7.8,0.0027,04:55 until 15:28,Ophiuchus
2025,Dec,20,30 days,05:50,11:03,16:15,-5.7,0.0027,Not observable,Sagittarius
2025,Dec,21,01 days,06:44,11:55,17:07,-7.5,0.0027,Not observable,Sagittarius
2025,Dec,22,02 days,07:34,12:48,18:03,-9,0.0027,07:34 until 18:03,Sagittarius
2025,Dec,23,03 days,08:20,13:39,19:01,-9.9,0.0026,08:20 until 19:01,Capricornus
2025,Dec,24,04 days,09:01,14:28,19:59,-10.5,0.0026,09:01 until 19:59,Capricornus
2025,Dec,25,05 days,09:38,15:15,20:57,-11,0.0026,09:38 until 20:57,Aquarius
2025,Dec,26,06 days,10:12,16:00,21:54,-11.4,0.0026,10:12 until 21:54,Aquarius
2025,Dec,27,07 days,10:44,16:44,22:51,-11.8,0.0025,10:44 until 22:51,Pisces
2025,Dec,28,08 days,11:16,17:29,23:49,-12,0.0025,11:16 until 23:49,Pisces
2025,Dec,29,09 days,11:49,18:15,00:49,-12.3,0.0025,11:49 until 00:49,Pisces
2025,Dec,30,10 days,12:24,19:05,01:53,-12.5,0.0025,12:24 until 01:53,Aries
2025,Dec,31,11 days,13:05,20:00,03:02,-12.6,0.0024,13:05 until 03:02,Aries
